Word1,Word2,Alpha,Nonalpha,OverallFreq,Word1_freq,Word2_freq,Weird?,Form,Percept,Culture,Power,Intense,Icon,Freq,Len,Lapse,*BStress,RelFreq,GenPref,Attested
men,women,men and women,women and men,7628255,NA,NA,no,0,0,0,1,0,0,0.358413359,1,1,1,0.906428141,0.72889779,1
black,white,black and white,white and black,2268565,NA,NA,no,0,-1,0,0,0,0,-0.212280694,0,0,0,0.832201855,0.417527435,1
day,night,day and night,night and day,1876827,NA,NA,no,0,1,0,0,0,0,0.8583704,0,0,0,0.697528861,0.607221499,1
boys,girls,boys and girls,girls and boys,1835429,NA,NA,no,0,0,0,1,0,0,0.056064285,0,0,0,0.882519564,0.625878003,1
female,male,female and male,male and female,1742846,NA,NA,no,0,0,0,-1,0,0,-0.009936803,-1,0,0,0.07364793,0.349332677,1
father,mother,father and mother,mother and father,1590868,NA,NA,no,0,0,-1,1,0,0,0.092175082,0,0,0,0.601676569,0.520166016,1
goods,services,goods and services,services and goods,1553253,NA,NA,no,0,1,0,0,0,0,-0.671479909,2,2,1,0.992598115,0.663859347,1
north,south,north and south,south and north,1532336,NA,NA,no,0,0,1,0,0,0,-0.03060052,0,0,0,0.939012071,0.610818675,1
development,research,development and research,research and development,1380352,NA,NA,no,0,0,0,0,0,-1,0.222714832,-1,-1,0,0.019250162,0.22931275,1
place,time,place and time,time and place,1218090,NA,NA,no,0,1,0,0,0,0,-1.106275998,0,0,0,0.138676945,0.55536758,1
death,life,death and life,life and death,1142991,NA,NA,no,0,-1,-1,0,0,-1,-1.058483404,0,0,0,0.061927872,0.104713101,1
gas,oil,gas and oil,oil and gas,1040905,NA,NA,no,0,-1,0,0,0,0,-0.310324221,0,0,0,0.085447759,0.414941423,1
pepper,salt,pepper and salt,salt and pepper,831039,NA,NA,no,0,0,-1,0,0,0,-1.263496356,-1,-1,-1,0.060750458,0.268883862,1
fall,rise,fall and rise,rise and fall,746325,NA,NA,no,0,-1,0,0,0,0,0.334721403,0,0,0,0.029948079,0.432034832,1
arms,legs,arms and legs,legs and arms,667976,NA,NA,no,0,1,0,0,0,0,0.779154987,0,0,0,0.836992646,0.605168737,1
fruits,vegetables,fruits and vegetables,vegetables and fruits,667661,NA,NA,no,0,0,0,0,0,0,0.128017055,2,2,1,0.850105068,0.608532524,1
gentlemen,ladies,gentlemen and ladies,ladies and gentlemen,501922,NA,NA,no,0,0,-1,1,0,0,-0.283997477,-1,-1,0,0.09135284,0.517631883,1
feelings,thoughts,feelings and thoughts,thoughts and feelings,480072,NA,NA,no,0,0,0,0,1,0,0.057240484,-1,-1,-1,0.151364795,0.418338269,1
groups,individuals,groups and individuals,individuals and groups,441733,NA,NA,no,0,-1,0,0,0,0,0.599729376,4,2,1,0.252145527,0.612101023,1
knowledge,skills,knowledge and skills,skills and knowledge,437430,NA,NA,no,0,0,-1,0,0,0,1.139123909,-1,-1,-1,0.668605263,0.323116878,1
influence,power,influence and power,power and influence,314032,NA,NA,no,0,0,0,-1,0,0,-1.060110212,-1,-1,0,0.188901131,0.363478198,1
Africa,Asia,Africa and Asia,Asia and Africa,293128,NA,NA,no,0,0,-1,-1,0,0,0.524089675,-1,-1,0,0.409363827,0.30446663,1
addresses,names,addresses and names,names and addresses,273323,NA,NA,no,0,0,-1,0,0,0,-1.569231594,-2,-1,-1,0.007024656,0.235327372,1
poetry,prose,poetry and prose,prose and poetry,222228,NA,NA,no,0,0,-1,0,0,0,1.228842559,-2,-2,-1,0.546596289,0.332020154,1
forefinger,thumb,forefinger and thumb,thumb and forefinger,193360,NA,NA,no,0,0,1,-1,0,0,-1.902043309,-2,-1,-1,0.102906496,0.303386535,1
minerals,vitamins,minerals and vitamins,vitamins and minerals,179421,NA,NA,no,0,0,0,0,0,0,0.779337841,0,0,0,0.142224154,0.525200956,1
fall,winter,fall and winter,winter and fall,174361,NA,NA,no,0,0,0,0,0,1,0.501224005,1,1,1,0.986579568,0.857623367,1
honey,milk,honey and milk,milk and honey,113327,NA,NA,no,0,0,-1,0,0,0,-1.142214853,-1,-1,-1,0.056359032,0.271479828,1
nose,throat,nose and throat,throat and nose,101711,NA,NA,no,0,1,0,0,0,0,0.246119496,0,0,0,0.921483419,0.591262509,1
anger,fear,anger and fear,fear and anger,88323,NA,NA,no,0,0,0,0,1,0,-1.078798158,-1,-1,-1,0.414184301,0.388667326,1
head,tail,head and tail,tail and head,73606,NA,NA,no,0,1,0,0,0,0,2.409717583,0,0,0,0.945126756,0.646582108,1
sunrise,sunset,sunrise and sunset,sunset and sunrise,66190,NA,NA,no,0,0,-1,0,0,1,-0.728136507,0,0,0,0.793684847,0.686285615,1
shoes,socks,shoes and socks,socks and shoes,64752,NA,NA,no,0,0,1,0,0,0,1.775546567,0,0,0,0.762154065,0.656292357,1
equipment,personnel,equipment and personnel,personnel and equipment,64626,NA,NA,no,0,-1,0,0,0,0,0.650614969,1,-1,-1,0.414136725,0.403493921,1
eyes,face,eyes and face,face and eyes,61214,NA,NA,no,-1,0,0,0,0,0,-0.011947487,0,0,0,0.312657235,0.455208265,1
ink,paper,ink and paper,paper and ink,58599,NA,NA,no,0,-1,0,0,0,0,-2.540502241,1,1,1,0.472260619,0.464057006,1
muscles,nerves,muscles and nerves,nerves and muscles,55557,NA,NA,no,0,0,1,1,0,0,0.566776908,-1,-1,-1,0.415555196,0.637875298,1
charts,maps,charts and maps,maps and charts,51057,NA,NA,no,0,0,-1,0,0,0,-0.574191021,0,0,0,0.240123783,0.381349555,1
Christmas,Easter,Christmas and Easter,Easter and Christmas,47337,NA,NA,no,0,0,1,0,0,1,1.316616204,0,0,0,0.787122124,0.867650547,1
nature,size,nature and size,size and nature,38101,NA,NA,no,0,-1,0,0,0,0,0.540017944,-1,-1,-1,0.305635023,0.33338555,1
chairs,sofas,chairs and sofas,sofas and chairs,35053,NA,NA,no,0,1,1,0,0,0,2.962846871,1,1,1,0.560722335,0.823976028,1
characters,situations,characters and situations,situations and characters,32957,NA,NA,no,0,1,0,0,0,0,0.091663492,1,-1,0,0.817883909,0.662193,1
joy,pleasure,joy and pleasure,pleasure and joy,28376,NA,NA,no,0,0,0,0,0,0,-0.245119815,1,1,1,0.658901889,0.606190356,1
barley,oats,barley and oats,oats and barley,27431,NA,NA,no,0,0,0,0,0,0,0.221755196,-1,-1,-1,0.429805694,0.401004659,1
beauty,dignity,beauty and dignity,dignity and beauty,25267,NA,NA,no,0,0,0,0,0,0,1.035649349,1,1,0,0.521272806,0.524487708,1
boats,ships,boats and ships,ships and boats,24996,NA,NA,no,0,1,-1,0,0,0,-0.727819944,0,0,0,0.379260682,0.456529706,1
misery,pain,misery and pain,pain and misery,24920,NA,NA,no,0,-1,0,0,0,0,-2.117628603,-2,-2,-1,0.279253612,0.278739863,1
bones,skulls,bones and skulls,skulls and bones,19232,NA,NA,no,1,0,0,-1,0,0,2.505134591,0,0,0,0.393354825,0.497668306,1
dairy,poultry,dairy and poultry,poultry and dairy,13945,NA,NA,no,0,0,0,0,0,0,0.386569124,0,0,0,0.689996415,0.514559293,1
being,existence,being and existence,existence and being,12923,NA,NA,no,0,0,0,0,0,0,1.98018235,0,0,0,0.525961464,0.557554485,1
radar,radio,radar and radio,radio and radar,12445,NA,NA,no,0,0,-1,0,0,-1,-1.969784628,1,0,0,0.318360788,0.145085968,1
pitch,volume,pitch and volume,volume and pitch,10617,NA,NA,no,0,0,0,-1,0,0,-1.796795148,1,1,1,0.665253838,0.442923092,1
skirt,sweater,skirt and sweater,sweater and skirt,9969,NA,NA,no,0,-1,0,0,0,0,0.832741544,1,1,1,0.51198716,0.55531037,1
checks,money,checks and money,money and checks,7950,NA,NA,no,-1,0,0,0,0,0,-2.713624657,1,1,1,0.79509434,0.492181558,1
action,motion,action and motion,motion and action,5237,NA,NA,no,-1,0,0,0,0,0,1.105466926,0,0,0,0.397173955,0.485416282,1
brain,intelligence,brain and intelligence,intelligence and brain,5151,NA,NA,no,0,1,0,0,0,0,0.33709912400000003,2,2,1,0.755387303,0.687836373,1
completeness,unity,completeness and unity,unity and completeness,4700,NA,NA,no,0,0,0,0,0,0,-2.214478222,1,1,0,0.231914894,0.436647999,1
depth,force,depth and force,force and depth,4062,NA,NA,no,0,0,0,-1,0,0,-1.487446969,0,0,0,0.615952733,0.345841179,1
hours,miles,hours and miles,miles and hours,3820,NA,NA,no,0,-1,0,0,0,0,0.236266192,0,0,0,0.413612565,0.429414261,1
schools,synagogues,schools and synagogues,synagogues and schools,3291,NA,NA,no,0,0,1,0,0,0,4.247925511,2,0,0,0.40808265,0.769443991,1
arrangers,composers,arrangers and composers,composers and arrangers,3127,NA,NA,no,0,0,0,-1,0,0,-3.617072484,0,0,0,0.179405181,0.295557195,1
happiness,laughter,happiness and laughter,laughter and happiness,3072,NA,NA,no,0,-1,0,0,0,0,0.551352704,-1,-1,0,0.413736979,0.445380053,1
diagrams,sketches,diagrams and sketches,sketches and diagrams,2961,NA,NA,no,0,0,0,0,0,0,-0.01971923,-1,1,1,0.391421817,0.541359099,1
pail,shovel,pail and shovel,shovel and pail,2855,NA,NA,no,0,0,-1,0,0,0,-0.445042291,1,1,1,0.821716287,0.492960196,1
county,village,county and village,village and county,2834,NA,NA,no,0,0,-1,0,0,0,0.69199267,0,0,0,0.429075512,0.41426109,1
bouquets,wreaths,bouquets and wreaths,wreaths and bouquets,2269,NA,NA,no,0,0,1,0,0,0,-0.437635781,0,0,0,0.375936536,0.600265254,1
beech,elm,beech and elm,elm and beech,1837,NA,NA,no,0,0,0,0,0,0,-0.267702619,0,0,0,0.607512248,0.496807893,1
complexity,obscurity,complexity and obscurity,obscurity and complexity,1319,NA,NA,no,0,0,0,0,0,1,1.794422938,0,0,0,0.650492798,0.816741415,1
man,woman,man and woman,woman and man,731849,NA,NA,no,0,0,0,1,0,0,1.177898817,1,1,1,0.960577933,0.746114191,1
law,order,law and order,order and law,682080,NA,NA,no,0,1,0,0,0,1,-0.056705453,1,1,1,0.985217277,0.887084889,1
radio,television,radio and television,television and radio,651263,NA,NA,no,0,0,-1,0,0,0,0.125163278,1,1,1,0.744326025,0.508433112,1
b,c,b and c,c and b,617842,NA,NA,no,0,0,0,0,0,1,-0.063063001,0,0,0,0.944710784,0.784619268,1
feet,hands,feet and hands,hands and feet,574548,NA,NA,no,0,-1,0,0,0,0,-0.043844078,0,0,0,0.117742991,0.421980679,1
money,time,money and time,time and money,572131,NA,NA,no,0,0,0,0,0,0,-1.823941142,-1,-1,-1,0.103369683,0.349021206,1
blood,flesh,blood and flesh,flesh and blood,556220,NA,NA,no,0,-1,0,0,0,0,1.713790461,0,0,0,0.02639603,0.469076088,1
god,man,god and man,man and god,501367,NA,NA,no,0,0,0,1,0,0,-0.518086474,0,0,0,0.82382965,0.611173713,1
file,rank,file and rank,rank and file,500989,NA,NA,no,0,1,0,0,0,0,0.945394566,0,0,0,3.57293e-4,0.609472253,1
father,son,father and son,son and father,486090,NA,NA,no,0,0,0,1,0,0,0.413296216,-1,-1,-1,0.967923636,0.527898002,1
men,officers,men and officers,officers and men,457386,NA,NA,no,0,0,0,-1,0,0,1.961113083,2,2,1,0.090599625,0.536916874,1
south,west,south and west,west and south,455538,NA,NA,no,0,1,0,0,0,0,0.171052855,0,0,0,0.648622069,0.589291772,1
error,trial,error and trial,trial and error,454209,NA,NA,no,0,-1,0,0,0,-1,-0.045549711,0,0,0,4.8656e-4,0.1682363,1
arts,crafts,arts and crafts,crafts and arts,454080,NA,NA,no,1,0,0,0,0,0,2.101639709,0,0,0,0.995249736,0.608037375,1
pressure,temperature,pressure and temperature,temperature and pressure,449437,NA,NA,no,0,0,-1,0,0,0,0.238472567,2,2,0,0.362246544,0.387703872,1
days,nights,days and nights,nights and days,445957,NA,NA,no,0,1,0,0,0,0,2.673166742,0,0,0,0.914446909,0.653089381,1
north,west,north and west,west and north,385427,NA,NA,no,0,0,1,0,0,0,0.140452336,0,0,0,0.728316906,0.61522347,1
spring,summer,spring and summer,summer and spring,381701,NA,NA,no,0,0,0,0,0,1,-0.095203156,1,1,1,0.990141498,0.849533387,1
hands,knees,hands and knees,knees and hands,339150,NA,NA,no,0,1,0,0,0,0,2.089498389,0,0,0,0.981444788,0.638599031,1
moon,sun,moon and sun,sun and moon,322714,NA,NA,no,0,0,-1,0,0,0,-0.935454654,0,0,0,0.089360858,0.372141719,1
city,county,city and county,county and city,315000,NA,NA,no,0,0,0,0,0,1,0.829040122,0,0,0,0.821015873,0.800533249,1
college,school,college and school,school and college,301287,NA,NA,no,-1,0,-1,0,0,-1,-0.885624709,-1,-1,-1,0.027644737,0.080375007,1
college,university,college and university,university and college,296202,NA,NA,no,0,0,0,-1,0,0,-0.730332132,3,1,0,0.891962242,0.426562794,1
future,past,future and past,past and future,283153,NA,NA,no,0,0,0,0,0,-1,-0.107364339,-1,-1,-1,0.042132699,0.15182568,1
evening,morning,evening and morning,morning and evening,282270,NA,NA,no,0,-1,0,0,0,-1,-0.533727315,0,0,0,0.076359514,0.160950707,1
ice,snow,ice and snow,snow and ice,278789,NA,NA,no,0,1,0,0,0,0,0.196347167,0,0,0,0.409417158,0.589956151,1
husbands,wives,husbands and wives,wives and husbands,272233,NA,NA,no,0,0,0,1,0,0,-0.652517327,-1,-1,-1,0.89565556,0.499003067,1
boys,men,boys and men,men and boys,263583,NA,NA,no,0,0,0,-1,0,0,-1.891757659,0,0,0,0.252391087,0.335980344,1
head,shoulders,head and shoulders,shoulders and head,252972,NA,NA,no,0,1,0,0,0,0,2.26344126,1,1,1,0.955212435,0.73687985,1
rock,roll,rock and roll,roll and rock,248992,NA,NA,no,0,0,0,0,0,0,0.851796527,0,0,0,0.99720473,0.527161938,1
testament,will,testament and will,will and testament,248768,NA,NA,no,0,0,0,0,0,0,-4.261424859,-2,-2,-1,0.001097408,0.297913371,1
engineers,scientists,engineers and scientists,scientists and engineers,229487,NA,NA,no,0,0,0,0,0,-1,-0.243281692,0,2,1,0.251025113,0.236406681,1
man,wife,man and wife,wife and man,213993,NA,NA,no,0,0,0,1,0,0,1.533387443,0,0,0,0.997677494,0.662608272,1
arms,hands,arms and hands,hands and arms,194013,NA,NA,no,0,1,-1,0,0,0,-0.600841744,0,0,0,0.452809863,0.459951577,1
math,science,math and science,science and math,123868,NA,NA,no,0,0,0,0,0,0,-2.358519176,1,1,1,0.764911034,0.55030758,1
fingers,thumb,fingers and thumb,thumb and fingers,59440,NA,NA,no,0,-1,0,-1,0,0,1.162443236,-1,-1,-1,0.454239569,0.246467192,1
life,religion,life and religion,religion and life,20659,NA,NA,no,0,0,1,0,0,0,2.068742465,1,1,1,0.568468948,0.754041655,1
colonel,mrs.,colonel and mrs.,mrs. and colonel,18072,NA,NA,no,0,0,0,1,0,0,-1.318277379,0,0,0,0.997565294,0.590343737,1
conscience,religion,conscience and religion,religion and conscience,15154,NA,NA,no,0,0,1,0,0,0,-1.398763288,0,0,0,0.700409133,0.574989652,1
pain,pressure,pain and pressure,pressure and pain,10781,NA,NA,no,0,0,0,0,1,0,-0.362927679,1,1,1,0.478805306,0.62435594,1
flowers,hearts,flowers and hearts,hearts and flowers,9516,NA,NA,no,0,0,-1,0,0,0,0.617858642,-1,-1,-1,0.05023119,0.310867093,1
grapefruit,oranges,grapefruit and oranges,oranges and grapefruit,7753,NA,NA,no,0,0,-1,0,0,0,-0.95856315,1,2,1,0.189861989,0.435467688,1
Kingston,Montreal,Kingston and Montreal,Montreal and Kingston,7177,NA,NA,no,0,-1,0,0,0,0,-0.733046895,1,-1,-1,0.365055037,0.367925518,1
folklore,legend,folklore and legend,legend and folklore,5914,NA,NA,no,0,0,0,0,-1,0,-0.950304583,0,1,1,0.518092662,0.530025752,1
doctors,fathers,doctors and fathers,fathers and doctors,5235,NA,NA,no,0,0,0,0,0,0,-0.084958681,0,0,0,0.126647565,0.501767129,1
contraction,dilation,contraction and dilation,dilation and contraction,3161,NA,NA,no,0,0,0,0,1,0,1.881350826,0,0,0,0.461879152,0.576898685,1
ships,weapons,ships and weapons,weapons and ships,2628,NA,NA,no,0,0,1,0,0,0,0.282555837,1,1,1,0.775494673,0.716342729,1
law,sovereignty,law and sovereignty,sovereignty and law,2097,NA,NA,no,0,0,0,0,0,0,3.318860807,2,2,1,0.629470672,0.687298388,1
feet,legs,feet and legs,legs and feet,194658,NA,NA,no,0,-1,0,0,0,0,1.336152653,0,0,0,0.389298154,0.458881344,1
peace,quiet,peace and quiet,quiet and peace,191274,NA,NA,no,0,0,1,1,0,0,0.805471415,1,1,1,0.951477985,0.813869508,1
facts,figures,facts and figures,figures and facts,183738,NA,NA,no,0,0,1,0,0,0,3.94008e-4,1,1,1,0.978387704,0.710077997,1
man,nature,man and nature,nature and man,178124,NA,NA,no,0,1,0,0,0,0,1.063161492,1,1,1,0.722592127,0.710851221,1
prose,verse,prose and verse,verse and prose,173062,NA,NA,no,0,0,0,0,0,0,-0.658037344,0,0,0,0.656706845,0.486218476,1
body,head,body and head,head and body,172950,NA,NA,no,0,-1,0,0,0,0,-0.02865665,-1,-1,-1,0.151141949,0.319810512,1
aunt,uncle,aunt and uncle,uncle and aunt,165376,NA,NA,no,0,0,0,-1,0,0,-0.342107258,1,1,1,0.638266738,0.482157963,1
politics,religion,politics and religion,religion and politics,162465,NA,NA,no,0,0,0,0,0,0,-0.148048443,-1,1,1,0.352069677,0.537898404,1
July,June,July and June,June and July,154093,NA,NA,no,0,0,0,0,0,-1,-0.100152406,0,0,0,0.00142122,0.217903354,1
sailors,soldiers,sailors and soldiers,soldiers and sailors,149549,NA,NA,no,0,0,1,0,0,0,-1.82489864,0,0,0,0.116470187,0.563648041,1
English,German,English and German,German and English,148633,NA,NA,no,0,0,1,0,0,0,0.442413999,0,0,0,0.567619573,0.622953009,1
food,shelter,food and shelter,shelter and food,147749,NA,NA,no,0,0,1,0,0,0,2.348214144,1,1,1,0.876560924,0.759624604,1
sights,sounds,sights and sounds,sounds and sights,143294,NA,NA,no,0,0,1,0,0,0,-1.933125657,0,0,0,0.899430541,0.560756451,1
comings,goings,comings and goings,goings and comings,141234,NA,NA,no,0,-1,0,0,0,1,-0.472771528,0,0,0,0.912860926,0.715477416,1
heir,son,heir and son,son and heir,137375,NA,NA,no,0,0,-1,1,0,0,-2.953365075,0,0,0,0.003210191,0.437850474,1
coat,hat,coat and hat,hat and coat,132073,NA,NA,no,0,-1,1,0,0,0,-0.084245317,0,0,0,0.438711925,0.529653207,1
faith,love,faith and love,love and faith,130104,NA,NA,no,0,0,-1,0,0,0,-1.022993206,0,0,0,0.690178626,0.369924161,1
mother,son,mother and son,son and mother,128987,NA,NA,no,0,0,0,1,0,0,0.321121134,-1,-1,-1,0.936481971,0.525403676,1
cents,dollars,cents and dollars,dollars and cents,127135,NA,NA,no,0,0,-1,-1,0,0,-0.97769243,1,1,1,0.00305974,0.359351985,1
turns,twists,turns and twists,twists and turns,126594,NA,NA,no,0,0,0,0,-1,0,3.028898935,0,0,0,0.067048991,0.56354019,1
months,years,months and years,years and months,125753,NA,NA,no,0,0,0,0,0,1,-1.537043183,0,0,0,0.892861403,0.756353118,1
editor,publisher,editor and publisher,publisher and editor,125503,NA,NA,no,0,0,0,0,0,1,0.837814363,0,0,0,0.841868322,0.800685294,1
aunts,uncles,aunts and uncles,uncles and aunts,114866,NA,NA,no,0,0,1,-1,0,0,-0.027772348,1,1,1,0.631622935,0.598809867,1
research,training,research and training,training and research,108917,NA,NA,no,0,0,0,0,0,1,0.669727825,0,0,0,0.643728711,0.797757453,1
eyes,hair,eyes and hair,hair and eyes,108355,NA,NA,no,0,-1,1,0,0,0,0.969533311,0,0,0,0.349683909,0.558022804,1
methods,principles,methods and principles,principles and methods,107758,NA,NA,no,0,1,-1,0,0,0,0.392269152,1,1,0,0.157575308,0.479157861,1
city,country,city and country,country and city,106397,NA,NA,no,0,0,0,0,0,1,0.148433709,0,0,0,0.78497514,0.78847368,1
bread,cheese,bread and cheese,cheese and bread,105642,NA,NA,no,0,0,1,0,0,0,0.676206716,0,0,0,0.895780088,0.628895132,1
location,size,location and size,size and location,104236,NA,NA,no,0,0,1,0,0,0,-0.889509419,-1,-1,-1,0.313404198,0.478981206,1
childhood,infancy,childhood and infancy,infancy and childhood,103215,NA,NA,no,0,0,0,0,0,-1,1.409810875,1,2,1,0.018359735,0.299842789,1
age,day,age and day,day and age,98957,NA,NA,no,0,0,0,0,0,-1,-0.876980304,0,0,0,0.004476692,0.20387444,1
body,face,body and face,face and body,97417,NA,NA,no,0,-1,0,-1,0,0,0.123632417,-1,-1,-1,0.173624727,0.22612748,1
hair,skin,hair and skin,skin and hair,93412,NA,NA,no,0,1,0,0,0,0,0.181515601,0,0,0,0.386684794,0.589566625,1
nitrogen,oxygen,nitrogen and oxygen,oxygen and nitrogen,93142,NA,NA,no,0,0,-1,0,0,0,-0.649438935,0,0,0,0.418694037,0.379424354,1
piano,violin,piano and violin,violin and piano,90587,NA,NA,no,0,0,1,0,0,0,1.103946853,-1,-1,-1,0.223873183,0.533018903,1
ceiling,walls,ceiling and walls,walls and ceiling,90509,NA,NA,no,0,-1,0,0,0,0,-1.30174057,-1,-1,-1,0.197074324,0.290524502,1
color,texture,color and texture,texture and color,90359,NA,NA,no,0,0,1,0,0,0,2.292732992,0,0,0,0.761473677,0.668842906,1
environment,heredity,environment and heredity,heredity and environment,89156,NA,NA,no,0,0,-1,0,0,0,2.961395461,0,0,0,0.078973933,0.475013227,1
everybody,everything,everybody and everything,everything and everybody,88771,NA,NA,no,0,1,0,0,0,0,-1.442128716,-1,-1,-1,0.362674747,0.436416445,1
bacon,eggs,bacon and eggs,eggs and bacon,86914,NA,NA,no,0,0,1,0,0,0,-0.782577749,-1,-1,-1,0.643831834,0.481878653,1
paper,pen,paper and pen,pen and paper,86400,NA,NA,no,0,0,-1,0,0,0,1.990505307,-1,-1,-1,0.228541667,0.34365108,1
concrete,steel,concrete and steel,steel and concrete,83832,NA,NA,no,0,-1,0,0,0,0,-0.426566943,-1,-1,-1,0.451033018,0.310488493,1
friends,relations,friends and relations,relations and friends,83205,NA,NA,no,0,0,-1,0,0,0,0.218318519,1,1,1,0.67413016,0.510960193,1
expense,time,expense and time,time and expense,78761,NA,NA,no,0,1,0,0,0,0,-3.610925808,0,0,0,0.09267277,0.487627162,1
flowers,plants,flowers and plants,plants and flowers,78739,NA,NA,no,-1,0,0,0,0,0,-0.40339081,-1,-1,-1,0.385387165,0.339890114,1
beauty,truth,beauty and truth,truth and beauty,77484,NA,NA,no,0,-1,0,0,0,0,-0.812020909,-1,-1,-1,0.325693046,0.301602565,1
bone,flesh,bone and flesh,flesh and bone,72784,NA,NA,no,0,-1,0,0,0,0,0.475998012,0,0,0,0.218798088,0.435801794,1
fits,starts,fits and starts,starts and fits,71456,NA,NA,no,0,0,0,0,1,0,-0.656723771,0,0,0,0.995367779,0.508634877,1
light,sound,light and sound,sound and light,68749,NA,NA,no,0,0,1,0,0,0,0.750991368,0,0,0,0.589579485,0.630787768,1
beauty,youth,beauty and youth,youth and beauty,65503,NA,NA,no,0,-1,0,0,0,-1,-0.051680785,-1,-1,-1,0.101155672,0.115017052,1
fiction,poetry,fiction and poetry,poetry and fiction,65232,NA,NA,no,0,0,0,0,0,0,-0.553299438,1,1,0,0.500935124,0.481395176,1
needle,thread,needle and thread,thread and needle,64176,NA,NA,no,0,0,1,0,0,0,0.035063983,-1,-1,-1,0.934103092,0.504059703,1
force,violence,force and violence,violence and force,63181,NA,NA,no,1,0,0,0,0,0,1.308564922,2,2,1,0.92192273,0.682208723,1
bone,muscle,bone and muscle,muscle and bone,59672,NA,NA,no,0,0,0,0,0,0,0.082950192,1,1,1,0.563346293,0.614658985,1
debate,discussion,debate and discussion,discussion and debate,59247,NA,NA,no,-1,0,0,0,0,0,-1.20475098,1,1,1,0.308184381,0.53308019,1
brother,mother,brother and mother,mother and brother,57486,NA,NA,no,0,0,-1,-1,0,0,-0.939408558,0,0,0,0.129127092,0.265872539,1
face,figure,face and figure,figure and face,57306,NA,NA,no,0,1,0,0,0,0,-0.267431233,1,1,1,0.922974907,0.680285429,1
chairs,table,chairs and table,table and chairs,56411,NA,NA,no,0,-1,-1,0,0,0,-2.973007989,1,1,1,0.105724061,0.347792854,1
ammunition,guns,ammunition and guns,guns and ammunition,55799,NA,NA,no,0,0,-1,0,0,0,-1.248388502,-3,-1,-1,0.039624366,0.216084531,1
Concord,Lexington,Concord and Lexington,Lexington and Concord,55328,NA,NA,no,0,-1,0,0,0,-1,-0.211784525,1,2,1,0.137163823,0.205829056,1
ice,water,ice and water,water and ice,54953,NA,NA,no,0,1,0,0,0,0,-2.073400202,1,1,1,0.516896257,0.636231082,1
breakfast,dinner,breakfast and dinner,dinner and breakfast,53396,NA,NA,no,0,0,-1,0,0,1,-0.644401153,0,0,0,0.909150498,0.688239265,1
father,uncle,father and uncle,uncle and father,52100,NA,NA,no,0,0,1,0,0,0,1.973622818,0,0,0,0.908522073,0.661126077,1
health,spirits,health and spirits,spirits and health,50385,NA,NA,no,0,1,0,0,0,0,2.006343205,1,1,1,0.964354471,0.731433092,1
names,numbers,names and numbers,numbers and names,48724,NA,NA,no,0,0,-1,0,0,0,-0.201852744,1,1,1,0.820540186,0.499559384,1
rights,wrongs,rights and wrongs,wrongs and rights,47755,NA,NA,no,0,1,0,0,0,0,3.705079454,0,0,0,0.969992671,0.678014598,1
flame,smoke,flame and smoke,smoke and flame,45767,NA,NA,no,0,0,1,0,0,1,-0.541324037,0,0,0,0.448423537,0.842727125,1
faith,life,faith and life,life and faith,44519,NA,NA,no,0,0,-1,0,0,0,-1.948566279,0,0,0,0.696242054,0.346827298,1
wisdom,wit,wisdom and wit,wit and wisdom,43515,NA,NA,no,0,0,0,0,-1,0,0.974196223,-1,-1,-1,0.093599908,0.399117749,1
novelist,poet,novelist and poet,poet and novelist,43417,NA,NA,no,0,0,-1,0,0,0,-1.916664372,-1,-1,0,0.342515605,0.354602598,1
Arizona,California,Arizona and California,California and Arizona,42843,NA,NA,no,0,0,-1,0,0,0,-1.772722792,0,0,0,0.462222533,0.351164027,1
crops,livestock,crops and livestock,livestock and crops,41356,NA,NA,no,0,-1,0,0,0,0,0.917247536,1,0,0,0.880670278,0.483673212,1
glass,steel,glass and steel,steel and glass,41200,NA,NA,no,0,-1,0,0,0,0,0.318652966,0,0,0,0.462912621,0.431606876,1
influence,prestige,influence and prestige,prestige and influence,40191,NA,NA,no,0,0,0,1,0,0,2.461255268,-2,-2,-1,0.346072504,0.590177774,1
cotton,tobacco,cotton and tobacco,tobacco and cotton,40004,NA,NA,no,0,0,1,0,0,0,0.546940388,0,-1,-1,0.710004,0.553987101,1
courage,hope,courage and hope,hope and courage,37808,NA,NA,no,0,0,0,0,0,0,-1.460497696,-1,-1,-1,0.431734025,0.358037533,1
example,precept,example and precept,precept and example,37431,NA,NA,no,0,0,0,-1,0,0,5.181098996,0,-1,-1,0.187518367,0.447656623,1
gin,tonic,gin and tonic,tonic and gin,36799,NA,NA,no,0,0,1,0,0,0,-0.018672613,1,1,1,0.998124949,0.709651726,1
brush,trees,brush and trees,trees and brush,35404,NA,NA,no,0,-1,-1,0,0,0,-1.397486087,0,0,0,0.333323918,0.289179293,1
pad,pencil,pad and pencil,pencil and pad,35363,NA,NA,no,0,0,-1,0,0,0,-0.546357954,1,1,1,0.799621073,0.490211487,1
chair,table,chair and table,table and chair,34607,NA,NA,no,0,0,-1,0,0,0,-1.690968012,1,1,1,0.339179935,0.459238585,1
houses,shops,houses and shops,shops and houses,33872,NA,NA,no,0,0,1,0,0,0,1.347942393,-1,-1,-1,0.614430798,0.539605408,1
libraries,museums,libraries and museums,museums and libraries,33304,NA,NA,no,0,0,1,0,0,0,1.070809776,-1,0,0,0.630434783,0.604756835,1
flames,smoke,flames and smoke,smoke and flames,33304,NA,NA,no,0,0,1,0,0,1,-1.137375478,0,0,0,0.429287773,0.83396025,1
guidance,information,guidance and information,information and guidance,32507,NA,NA,no,0,0,0,0,0,-1,-2.597918587,2,0,0,0.176269727,0.221131534,1
stress,tension,stress and tension,tension and stress,32225,NA,NA,no,0,0,0,0,0,0,0.738993657,1,1,1,0.619860357,0.631382768,1
days,years,days and years,years and days,31764,NA,NA,no,0,0,1,0,0,1,-0.849834634,0,0,0,0.879297318,0.838237402,1
actions,feelings,actions and feelings,feelings and actions,31729,NA,NA,no,0,1,0,0,0,0,0.112671449,0,0,0,0.269154401,0.587757088,1
energy,money,energy and money,money and energy,31490,NA,NA,no,0,-1,0,0,0,0,-0.30719063,-1,-1,0,0.526516354,0.422492098,1
anguish,pain,anguish and pain,pain and anguish,31259,NA,NA,no,-1,-1,0,0,0,0,-2.701937669,-1,-1,-1,0.194631946,0.224527514,1
meaning,origin,meaning and origin,origin and meaning,30841,NA,NA,no,0,0,0,0,0,-1,0.613122148,1,1,0,0.154956065,0.225974497,1
freedom,security,freedom and security,security and freedom,30628,NA,NA,no,0,0,0,0,0,0,-0.144883186,1,1,0,0.584432545,0.492470711,1
gratitude,joy,gratitude and joy,joy and gratitude,30564,NA,NA,no,0,0,0,0,-1,0,-1.273357813,-2,0,0,0.280984164,0.377199219,1
mamma,papa,mamma and papa,papa and mamma,30494,NA,NA,no,0,0,1,-1,0,0,-1.00988105,0,0,0,0.265560438,0.463130941,1
aircraft,ships,aircraft and ships,ships and aircraft,29331,NA,NA,no,0,-1,0,0,0,0,-0.421885893,-1,0,0,0.186526201,0.377382249,1
democracy,liberty,democracy and liberty,liberty and democracy,29095,NA,NA,no,1,0,0,0,0,0,-0.074833996,0,0,0,0.383158618,0.550529461,1
iron,wood,iron and wood,wood and iron,29016,NA,NA,no,0,0,0,1,0,0,0.026576326,-1,-1,-1,0.299317618,0.517425181,1
horses,wagons,horses and wagons,wagons and horses,28583,NA,NA,no,0,1,0,0,0,0,1.9120516,0,0,0,0.725501172,0.634141755,1
clarity,precision,clarity and precision,precision and clarity,28178,NA,NA,no,0,0,0,0,0,0,-0.40990516,-1,-1,0,0.709809071,0.50061954,1
flowers,herbs,flowers and herbs,herbs and flowers,27473,NA,NA,no,0,0,1,0,0,0,1.895781039,-1,-1,-1,0.417864813,0.554340269,1
jaws,teeth,jaws and teeth,teeth and jaws,26610,NA,NA,no,0,-1,-1,0,0,0,-2.084776924,0,0,0,0.520556182,0.274087942,1
bodies,faces,bodies and faces,faces and bodies,26522,NA,NA,no,0,-1,0,0,0,0,0.439901103,0,0,0,0.239499284,0.434838593,1
Illinois,Missouri,Illinois and Missouri,Missouri and Illinois,25009,NA,NA,no,0,-1,0,0,0,0,0.357732947,-1,1,1,0.556879523,0.47018764,1
jams,jellies,jams and jellies,jellies and jams,24827,NA,NA,no,0,0,0,0,0,0,0.509308553,1,1,1,0.803198131,0.625561202,1
dogs,men,dogs and men,men and dogs,24614,NA,NA,no,0,-1,0,0,0,0,-2.837757748,0,0,0,0.348622735,0.350252031,1
discussion,thought,discussion and thought,thought and discussion,24358,NA,NA,no,0,1,0,0,0,-1,-1.241425867,-1,-1,-1,0.076319895,0.1798627,1
distress,pain,distress and pain,pain and distress,24052,NA,NA,no,1,-1,0,0,0,0,-1.770649069,0,0,0,0.180359222,0.423736642,1
mouth,nostrils,mouth and nostrils,nostrils and mouth,23816,NA,NA,no,0,-1,1,0,0,0,2.970166583,1,1,1,0.769902587,0.70929388,1
adventure,romance,adventure and romance,romance and adventure,22627,NA,NA,no,0,0,0,0,0,0,-0.012786548,0,0,0,0.375613206,0.503725667,1
agreements,contracts,agreements and contracts,contracts and agreements,22390,NA,NA,no,1,0,0,-1,0,0,-0.376045364,0,-1,-1,0.291022778,0.35006858,1
crime,poverty,crime and poverty,poverty and crime,21270,NA,NA,no,0,0,-1,0,1,0,0.423280723,2,2,1,0.372919605,0.531197945,1
cousins,uncles,cousins and uncles,uncles and cousins,21181,NA,NA,no,0,0,0,-1,0,0,1.099876664,0,0,0,0.184504981,0.411804076,1
fire,light,fire and light,light and fire,21101,NA,NA,no,0,0,0,0,1,0,-0.656001425,-1,-1,-1,0.561584759,0.399626345,1
child,husband,child and husband,husband and child,20834,NA,NA,no,0,0,0,-1,0,0,1.05653574,1,1,1,0.099116828,0.520095786,1
vinegar,water,vinegar and water,water and vinegar,20603,NA,NA,no,0,0,-1,0,1,0,-4.253669924,-1,-1,0,0.698005145,0.317992294,1
fork,spoon,fork and spoon,spoon and fork,20391,NA,NA,no,0,1,1,0,0,0,0.401522231,0,0,0,0.654455397,0.695051231,1
agencies,individuals,agencies and individuals,individuals and agencies,20024,NA,NA,no,0,-1,0,0,0,0,-0.837265731,2,0,0,0.530313624,0.472329242,1
c.,d.,c. and d.,d. and c.,20006,NA,NA,no,0,0,0,0,0,-1,0.203967469,0,0,0,0.629261222,0.223581793,1
coffee,sandwiches,coffee and sandwiches,sandwiches and coffee,19962,NA,NA,no,0,0,-1,0,0,0,2.324779403,1,1,0,0.517483218,0.450210758,1
coffee,toast,coffee and toast,toast and coffee,19739,NA,NA,no,0,0,-1,0,0,0,1.992285892,-1,-1,-1,0.457520644,0.343694678,1
artillery,mortar,artillery and mortar,mortar and artillery,19688,NA,NA,no,0,0,0,-1,0,0,0.905736193,-1,-1,0,0.631095083,0.414133494,1
apprehension,fear,apprehension and fear,fear and apprehension,19096,NA,NA,no,-1,0,0,0,-1,0,-2.651444557,-3,-1,-1,0.249214495,0.216304587,1
figures,words,figures and words,words and figures,19044,NA,NA,no,0,0,-1,0,0,0,-1.246530402,-1,-1,-1,0.116729679,0.269246063,1
blood,guts,blood and guts,guts and blood,19009,NA,NA,no,0,0,0,0,-1,0,4.208963829,0,0,0,0.960755432,0.594750794,1
action,character,action and character,character and action,18766,NA,NA,no,0,-1,0,0,0,0,0.48334065,1,1,0,0.324896089,0.428468078,1
diamonds,rubies,diamonds and rubies,rubies and diamonds,18750,NA,NA,no,0,0,1,0,0,0,1.869804976,0,0,0,0.60896,0.658596689,1
plans,projects,plans and projects,projects and plans,18234,NA,NA,no,0,-1,0,0,0,0,0.449625279,1,1,1,0.817483821,0.545018436,1
jacket,trousers,jacket and trousers,trousers and jacket,18202,NA,NA,no,0,1,0,0,0,0,0.821472666,0,0,0,0.789198989,0.60626581,1
kind,quantity,kind and quantity,quantity and kind,18201,NA,NA,no,0,0,1,0,0,0,1.5354544,2,2,1,0.73528927,0.737247876,1
family,neighborhood,family and neighborhood,neighborhood and family,17862,NA,NA,no,0,0,1,0,0,0,2.506852869,0,-2,-1,0.836244542,0.646849101,1
labor,money,labor and money,money and labor,17606,NA,NA,no,0,0,0,0,0,0,-0.376994883,0,0,0,0.450357833,0.493842198,1
shower,tub,shower and tub,tub and shower,17557,NA,NA,no,0,0,1,0,0,0,0.597024683,-1,-1,-1,0.179130831,0.51930063,1
aggression,hostility,aggression and hostility,hostility and aggression,17481,NA,NA,no,0,0,0,0,1,0,0.118253421,1,1,0,0.359189978,0.52198204,1
improvements,land,improvements and land,land and improvements,17036,NA,NA,no,0,0,-1,0,0,-1,-2.485246406,-1,-1,-1,0.038682789,0.081941042,1
landings,takeoffs,landings and takeoffs,takeoffs and landings,17024,NA,NA,no,0,0,0,0,0,-1,2.582358254,0,-1,-1,0.228853384,0.216973704,1
novels,tales,novels and tales,tales and novels,16797,NA,NA,no,-1,0,0,0,1,0,-0.12163463099999999,-1,-1,-1,0.772995178,0.367336945,1
corruption,crime,corruption and crime,crime and corruption,16627,NA,NA,no,0,0,0,0,0,-1,-1.345673353,-1,-1,-1,0.190954472,0.135313398,1
anthropology,psychology,anthropology and psychology,psychology and anthropology,16325,NA,NA,no,0,0,-1,0,0,0,-1.572332277,-2,0,0,0.542970904,0.292731921,1
lecturer,writer,lecturer and writer,writer and lecturer,15994,NA,NA,no,0,0,-1,0,0,0,-2.698325764,-1,-1,0,0.36501188,0.335431738,1
curettage,dilatation,curettage and dilatation,dilatation and curettage,15649,NA,NA,no,0,0,0,0,0,-1,-1.73926089,1,-1,0,0,0.243204073,1
field,stream,field and stream,stream and field,15417,NA,NA,no,0,1,0,0,0,0,1.557919998,0,0,0,0.964195369,0.625177966,1
dates,events,dates and events,events and dates,15058,NA,NA,no,1,0,1,0,0,0,-1.515215732,0,0,0,0.733829194,0.618748587,1
belly,chest,belly and chest,chest and belly,14929,NA,NA,no,0,-1,0,0,0,0,-1.29823633,-1,-1,-1,0.228883381,0.290602915,1
power,scope,power and scope,scope and power,14744,NA,NA,no,0,0,0,1,0,0,2.524288519,-1,-1,-1,0.381646772,0.584399319,1
pain,shame,pain and shame,shame and pain,14173,NA,NA,no,0,0,0,0,1,0,1.627831128,0,0,0,0.664855712,0.57016761,1
doorways,windows,doorways and windows,windows and doorways,14085,NA,NA,no,0,0,1,0,0,0,-3.64456198,0,1,1,0.497550586,0.58785564,1
history,identity,history and identity,identity and history,13980,NA,NA,no,0,0,0,0,0,1,1.677595029,0,0,0,0.670672389,0.81483563,1
cream,peaches,cream and peaches,peaches and cream,13614,NA,NA,no,0,0,-1,0,0,0,2.236234008,1,1,1,0.019391803,0.565347997,1
classmates,friends,classmates and friends,friends and classmates,13278,NA,NA,no,0,0,-1,0,0,0,-3.638258081,-1,0,0,0.324823016,0.276593434,1
movements,positions,movements and positions,positions and movements,13056,NA,NA,no,0,-1,0,0,0,-1,0.012388356,0,0,0,0.33348652,0.169118213,1
barrels,boxes,barrels and boxes,boxes and barrels,12973,NA,NA,no,0,-1,-1,0,0,0,-1.100924619,0,0,0,0.370538811,0.29584119,1
costumes,masks,costumes and masks,masks and costumes,12920,NA,NA,no,0,-1,0,0,0,0,-0.030671871,-1,-1,-1,0.441176471,0.319762927,1
attractions,repulsions,attractions and repulsions,repulsions and attractions,12897,NA,NA,no,0,1,0,0,0,0,3.461694644,0,0,0,0.952314492,0.672219952,1
ability,age,ability and age,age and ability,12237,NA,NA,no,0,-1,0,0,0,-1,-0.886037495,-2,-2,-1,0.095284792,0.109060314,1
babylon,nineveh,babylon and nineveh,nineveh and babylon,12006,NA,NA,no,0,0,1,0,0,0,1.624300052,0,2,1,0.337831085,0.679479034,1
love,veneration,love and veneration,veneration and love,11653,NA,NA,no,0,0,1,0,0,0,4.924728626,3,1,1,0.757058268,0.848165671,1
editing,publishing,editing and publishing,publishing and editing,11644,NA,NA,no,0,0,0,0,0,1,-1.201418704,0,0,0,0.875214703,0.763004171,1
dirt,sweat,dirt and sweat,sweat and dirt,11621,NA,NA,no,0,-1,0,0,0,0,0.155880545,0,0,0,0.476637123,0.427277569,1
farms,fields,farms and fields,fields and farms,11526,NA,NA,no,0,0,1,0,0,0,-1.339680848,0,0,0,0.436751692,0.5765562,1
cause,consequence,cause and consequence,consequence and cause,11492,NA,NA,no,0,0,0,0,0,1,1.573964592,2,2,1,0.942046641,0.86777802,1
fungicides,insecticides,fungicides and insecticides,insecticides and fungicides,11397,NA,NA,no,0,-1,-1,0,0,0,-1.091400685,0,0,0,0.218390805,0.296056604,1
choice,decision,choice and decision,decision and choice,11325,NA,NA,no,0,0,0,0,-1,0,-0.254885224,1,1,1,0.760529801,0.584366851,1
magic,superstition,magic and superstition,superstition and magic,11125,NA,NA,no,0,1,0,0,0,0,1.668743261,2,0,0,0.698606742,0.692874788,1
machinery,power,machinery and power,power and machinery,11022,NA,NA,no,0,1,1,0,0,0,-2.771605487,-1,-1,0,0.27245509,0.624824468,1
education,skill,education and skill,skill and education,10876,NA,NA,no,0,0,-1,0,0,0,1.816333997,-3,-1,-1,0.726921662,0.277689606,1
forms,materials,forms and materials,materials and forms,10721,NA,NA,no,0,0,0,0,0,0,0.346780469,2,2,1,0.565712154,0.614174772,1
length,quality,length and quality,quality and length,10492,NA,NA,no,0,1,1,0,0,0,0.010076506,2,2,1,0.624571102,0.767153992,1
closets,drawers,closets and drawers,drawers and closets,10283,NA,NA,no,0,1,0,0,0,0,-0.961163927,-1,-1,-1,0.4827385,0.449297578,1
friends,partners,friends and partners,partners and friends,10050,NA,NA,no,0,0,-1,0,0,0,1.773186605,1,1,1,0.613134328,0.552958424,1
receivers,senders,receivers and senders,senders and receivers,9936,NA,NA,no,0,-1,0,0,0,-1,2.274557451,0,0,0,0.038345411,0.206471428,1
authority,force,authority and force,force and authority,9915,NA,NA,no,0,0,0,0,0,0,-0.528122752,-2,-2,-1,0.329500756,0.388885793,1
fear,want,fear and want,want and fear,9491,NA,NA,no,0,-1,0,0,1,0,-1.076654681,0,0,0,0.641555158,0.416484785,1
trees,underbrush,trees and underbrush,underbrush and trees,9369,NA,NA,no,0,1,1,0,0,0,4.412316754,2,0,0,0.875973957,0.82479796,1
bacon,coffee,bacon and coffee,coffee and bacon,9230,NA,NA,no,0,0,1,0,0,0,-1.079291837,0,0,0,0.515276273,0.583441593,1
december,may,december and may,may and december,9064,NA,NA,no,0,0,0,0,0,-1,-2.844599301,-1,-1,-1,0.302294793,0.117379361,1
grains,seeds,grains and seeds,seeds and grains,8920,NA,NA,no,0,0,1,0,0,0,-0.545104045,0,0,0,0.592040359,0.597462823,1
beauty,color,beauty and color,color and beauty,8914,NA,NA,no,0,-1,0,0,0,0,-0.653953412,0,0,0,0.346757909,0.405915607,1
legs,torso,legs and torso,torso and legs,8829,NA,NA,no,0,-1,-1,0,0,0,2.898965832,1,0,0,0.484086533,0.428494241,1
transportation,utilities,transportation and utilities,utilities and transportation,8691,NA,NA,no,0,0,0,0,0,0,1.402198405,-1,1,0,0.491312852,0.462033231,1
hardships,trials,hardships and trials,trials and hardships,8611,NA,NA,no,0,0,0,0,0,0,-1.572159976,0,0,0,0.337707583,0.461484072,1
science,tactics,science and tactics,tactics and science,8541,NA,NA,no,1,0,0,0,0,0,2.530616633,0,0,0,0.992155485,0.619077846,1
neighborhood,school,neighborhood and school,school and neighborhood,8377,NA,NA,no,0,0,0,0,0,0,-2.55823292,-2,0,0,0.37829772,0.365542432,1
irony,satire,irony and satire,satire and irony,8231,NA,NA,no,-1,0,0,0,0,0,0.437784671,0,-1,0,0.587534929,0.511208881,1
astronomy,geology,astronomy and geology,geology and astronomy,7933,NA,NA,no,0,-1,0,0,0,0,-0.239488388,0,0,0,0.583133745,0.416809339,1
development,practice,development and practice,practice and development,7770,NA,NA,no,0,0,0,0,0,0,0.607362804,-1,-1,0,0.718661519,0.52819611,1
aloes,myrrh,aloes and myrrh,myrrh and aloes,7735,NA,NA,no,0,0,0,0,0,0,-0.591443339,-1,-1,-1,0.157336781,0.379998457,1
feet,heads,feet and heads,heads and feet,7570,NA,NA,no,0,-1,0,0,0,0,1.339575405,0,0,0,0.212417437,0.458973603,1
snow,water,snow and water,water and snow,7559,NA,NA,no,0,1,-1,0,0,0,-2.269747369,1,1,1,0.536578913,0.524965132,1
back,hips,back and hips,hips and back,7534,NA,NA,no,0,1,0,0,0,0,4.439648234,0,0,0,0.685160605,0.695169798,1
bombers,missiles,bombers and missiles,missiles and bombers,7505,NA,NA,no,0,0,0,0,0,0,-0.498153087,0,0,0,0.388141239,0.490555031,1
argument,debate,argument and debate,debate and argument,7440,NA,NA,no,-1,0,0,0,1,0,0.733502298,-2,-2,-1,0.669623656,0.396481123,1
doubts,suspicions,doubts and suspicions,suspicions and doubts,7417,NA,NA,no,0,0,0,0,0,1,0.919312219,1,1,1,0.832816503,0.863075594,1
laborers,servants,laborers and servants,servants and laborers,7407,NA,NA,no,0,0,0,0,0,0,-0.969085427,-1,-1,0,0.446874578,0.485448673,1
arms,faces,arms and faces,faces and arms,7402,NA,NA,no,0,-1,0,-1,0,0,0.993344038,1,1,1,0.443798973,0.437180589,1
chrome,glass,chrome and glass,glass and chrome,7398,NA,NA,no,0,0,1,0,0,0,-3.57766358,0,0,0,0.551094891,0.516422945,1
paris,washington,paris and washington,washington and paris,7309,NA,NA,no,0,1,0,0,0,0,-0.473339284,1,1,0,0.530031468,0.56473597,1
arm,back,arm and back,back and arm,7257,NA,NA,no,0,1,0,0,0,0,-2.09618575,0,0,0,0.581369712,0.528699918,1
emotion,meaning,emotion and meaning,meaning and emotion,7218,NA,NA,no,0,0,1,0,0,0,-1.607746042,0,0,0,0.568578554,0.569436661,1
bushes,vines,bushes and vines,vines and bushes,7099,NA,NA,no,0,0,1,0,0,0,0.266667553,-1,-1,-1,0.501197352,0.51034355,1
aims,ends,aims and ends,ends and aims,7006,NA,NA,no,0,0,0,0,0,0,-1.251492281,0,0,0,0.46074793000000003,0.470145419,1
crises,problems,crises and problems,problems and crises,6694,NA,NA,no,-1,0,0,0,0,0,-3.363099365,0,0,0,0.254406932,0.367392029,1
bathrobe,slippers,bathrobe and slippers,slippers and bathrobe,6684,NA,NA,no,0,1,0,0,0,0,-1.463424561,0,1,1,0.895571514,0.617811034,1
generalists,specialists,generalists and specialists,specialists and generalists,6474,NA,NA,no,1,0,0,0,0,0,-3.537120316,-1,-1,0,0.538461539,0.464474096,1
boredom,loneliness,boredom and loneliness,loneliness and boredom,6246,NA,NA,no,0,-1,0,0,-1,0,-0.674230156,1,1,0,0.450688441,0.376765313,1
excitement,fatigue,excitement and fatigue,fatigue and excitement,6150,NA,NA,no,0,1,0,0,0,0,0.402382492,-1,-1,-1,0.44699187,0.486130053,1
individualism,socialism,individualism and socialism,socialism and individualism,6126,NA,NA,no,0,1,0,0,0,0,-0.920468508,-3,0,0,0.654913484,0.452043846,1
fields,homes,fields and homes,homes and fields,6083,NA,NA,no,0,0,-1,0,0,0,0.609368706,0,0,0,0.307414105,0.412086468,1
brow,cheeks,brow and cheeks,cheeks and brow,5773,NA,NA,no,0,1,0,0,0,0,-0.379528185,0,0,0,0.448813442,0.574753419,1
certainty,security,certainty and security,security and certainty,5706,NA,NA,no,0,0,0,0,0,0,-1.986908204,0,0,0,0.530844725,0.450316716,1
20s,30s,20s and 30s,30s and 20s,5667,NA,NA,no,0,0,1,0,0,1,-0.702473161,0,0,0,1,0.840394712,1
brick,glass,brick and glass,glass and brick,5652,NA,NA,no,0,0,1,0,0,0,-1.525710514,0,0,0,0.734253362,0.571618633,1
gas,light,gas and light,light and gas,5578,NA,NA,no,0,0,0,0,0,0,-1.150165436,0,0,0,0.48458228800000003,0.472886286,1
bourbon,water,bourbon and water,water and bourbon,5555,NA,NA,no,0,0,1,0,0,0,-4.845107259,0,0,0,0.984338434,0.482040824,1
cuts,wounds,cuts and wounds,wounds and cuts,5438,NA,NA,no,-1,0,0,0,0,0,0.137226047,0,0,0,0.77675616,0.459226861,1
palm,pine,palm and pine,pine and palm,5388,NA,NA,no,0,0,0,0,0,0,-0.17600776,0,0,0,0.596696362,0.499296256,1
fish,vegetable,fish and vegetable,vegetable and fish,5385,NA,NA,no,0,1,1,0,0,0,1.608873353,2,2,1,0.667409471,0.796710804,1
initials,names,initials and names,names and initials,5373,NA,NA,no,0,0,-1,0,0,0,-3.234478189,-1,-1,-1,0.273962405,0.228950632,1
statesmen,warriors,statesmen and warriors,warriors and statesmen,5237,NA,NA,no,0,0,0,0,-1,0,-0.780852154,1,1,0,0.439182738,0.452965652,1
experiences,reactions,experiences and reactions,reactions and experiences,5219,NA,NA,no,0,0,0,0,0,1,0.23710567,-2,-2,0,0.766813566,0.800071489,1
bitterness,disappointment,bitterness and disappointment,disappointment and bitterness,5200,NA,NA,no,0,0,0,1,0,0,-0.366954188,1,-1,0,0.603269231,0.687684443,1
action,mind,action and mind,mind and action,5184,NA,NA,no,0,1,0,0,0,0,-0.088093713,-1,-1,-1,0.06712963,0.472842752,1
comedy,satire,comedy and satire,satire and comedy,5139,NA,NA,no,1,1,0,0,0,0,0.981259211,0,-1,0,0.682428488,0.694088276,1
enthusiasm,warmth,enthusiasm and warmth,warmth and enthusiasm,5100,NA,NA,no,0,0,0,0,1,0,0.493774285,-3,-1,-1,0.170392157,0.360731422,1
body,breath,body and breath,breath and body,5098,NA,NA,no,0,1,0,0,0,0,1.885524862,-1,-1,-1,0.488230679,0.526351423,1
beauty,brains,beauty and brains,brains and beauty,5091,NA,NA,no,0,1,-1,0,0,0,1.9115846,-1,-1,-1,0.620113927,0.41837365,1
hotels,pensions,hotels and pensions,pensions and hotels,4962,NA,NA,no,1,0,0,0,0,0,0.915041236,1,1,1,0.906892382,0.679593931,1
comb,wattles,comb and wattles,wattles and comb,4962,NA,NA,no,0,1,1,0,0,0,2.991184154,1,1,1,0.953244659,0.824421734,1
imagination,originality,imagination and originality,originality and imagination,4763,NA,NA,no,0,0,0,0,0,0,2.042473073,1,1,0,0.493176569,0.551645542,1
ears,hair,ears and hair,hair and ears,4651,NA,NA,no,0,-1,1,0,0,0,-1.120733033,0,0,0,0.432595141,0.501559942,1
brush,logs,brush and logs,logs and brush,4632,NA,NA,no,0,-1,-1,0,0,0,0.779344293,0,0,0,0.261442142,0.340049211,1
importance,validity,importance and validity,validity and importance,4610,NA,NA,no,0,0,0,0,0,-1,1.58316212,1,1,0,0.393709328,0.244921626,1
money,papers,money and papers,papers and money,4570,NA,NA,no,0,0,1,0,0,0,1.118614661,0,0,0,0.542450766,0.640032205,1
pies,puddings,pies and puddings,puddings and pies,4565,NA,NA,no,0,0,0,0,0,0,1.401206523,1,1,1,0.582694414,0.647949414,1
eloquence,force,eloquence and force,force and eloquence,4562,NA,NA,no,0,0,0,-1,0,0,-3.589254851,-2,-2,-1,0.27816746999999997,0.218149038,1
soil,topography,soil and topography,topography and soil,4558,NA,NA,no,-1,1,1,0,0,0,2.861619023,2,2,1,0.453049583,0.787045437,1
blossom,leaf,blossom and leaf,leaf and blossom,4489,NA,NA,no,0,0,1,0,0,0,-1.703418453,-1,-1,-1,0.184673647,0.456987605,1
desolation,misery,desolation and misery,misery and desolation,4427,NA,NA,no,0,0,0,0,1,0,-1.466333372,-1,1,0,0.372487012,0.407574046,1
organizations,states,organizations and states,states and organizations,4310,NA,NA,no,1,0,0,-1,0,0,-1.89668635,-4,-1,-1,0.378190255,0.203629361,1
boots,jacket,boots and jacket,jacket and boots,4308,NA,NA,no,0,-1,0,0,0,0,-0.001887508,1,1,1,0.362581244,0.532840226,1
danger,threat,danger and threat,threat and danger,4180,NA,NA,no,1,0,0,0,0,0,0.494464601,-1,-1,-1,0.431339713,0.455856442,1
determination,faith,determination and faith,faith and determination,4173,NA,NA,no,0,0,0,0,0,0,-0.830087894,-3,-1,-1,0.260244429,0.308863323,1
clothes,dishes,clothes and dishes,dishes and clothes,4140,NA,NA,no,0,0,1,0,0,0,1.196212777,1,1,1,0.552415459,0.736056327,1
comfort,companionship,comfort and companionship,companionship and comfort,4138,NA,NA,no,0,0,0,0,0,0,2.072726463,1,-1,-1,0.772837119,0.522390972,1
background,interest,background and interest,interest and background,4132,NA,NA,no,0,0,0,0,0,1,-1.502136158,1,2,1,0.619554695,0.802588027,1
color,scent,color and scent,scent and color,4058,NA,NA,no,0,0,1,0,0,0,2.700648257,-1,-1,-1,0.680137999,0.575809102,1
interest,payments,interest and payments,payments and interest,4047,NA,NA,no,0,0,-1,0,0,0,2.060926712,-1,-1,0,0.224610823,0.458323259,1
gambling,vice,gambling and vice,vice and gambling,3997,NA,NA,no,-1,0,0,0,0,0,-1.590945113,-2,-2,-1,0.505379034,0.318209646,1
activities,places,activities and places,places and activities,3873,NA,NA,no,0,0,0,0,0,0,0.311659119,-1,-1,0,0.287632326,0.520190294,1
elegance,purity,elegance and purity,purity and elegance,3859,NA,NA,no,0,0,0,0,0,0,-1.080171027,0,0,0,0.323918114,0.474780583,1
leaves,limbs,leaves and limbs,limbs and leaves,3832,NA,NA,no,0,0,-1,0,0,0,1.948211043,0,0,0,0.306367432,0.447688825,1
power,trade,power and trade,trade and power,3824,NA,NA,no,0,0,0,0,0,-1,1.002243162,-1,-1,-1,0.551516736,0.167995104,1
games,races,games and races,races and games,3815,NA,NA,no,1,0,0,0,0,0,0.695532155,1,1,1,0.558846658,0.674383414,1
evenings,sundays,evenings and sundays,sundays and evenings,3744,NA,NA,no,0,0,1,0,0,0,0.458504558,0,-1,-1,0.821848291,0.551613906,1
leather,paper,leather and paper,paper and leather,3714,NA,NA,no,0,1,-1,0,0,0,-2.071519287,0,0,0,0.460420032,0.420631396,1
rudder,stick,rudder and stick,stick and rudder,3699,NA,NA,no,0,0,0,0,0,0,-2.538134063,-1,-1,-1,0.100297378,0.331619108,1
anguish,rage,anguish and rage,rage and anguish,3683,NA,NA,no,0,0,0,0,-1,0,-0.796254827,-1,-1,-1,0.367092045,0.354039972,1
shooting,yelling,shooting and yelling,yelling and shooting,3658,NA,NA,no,0,0,-1,0,1,0,1.368783149,0,0,0,0.394204483,0.454285369,1
investment,risk,investment and risk,risk and investment,3621,NA,NA,no,0,0,0,0,0,1,-0.445712777,-1,-1,-1,0.663352665,0.692026485,1
control,growth,control and growth,growth and control,3621,NA,NA,no,0,0,0,1,0,0,0.675684866,0,0,0,0.180060757,0.641489378,1
Egypt,Europe,Egypt and Europe,Europe and Egypt,3595,NA,NA,no,0,0,-1,0,0,0,-1.175697991,0,0,0,0.431154381,0.366068942,1
order,truth,order and truth,truth and order,3498,NA,NA,no,0,0,0,0,0,0,1.080154161,-1,-1,-1,0.386506575,0.423578527,1
factories,industries,factories and industries,industries and factories,3465,NA,NA,no,0,1,0,-1,0,0,-1.026865168,0,0,0,0.661471862,0.435070155,1
detection,removal,detection and removal,removal and detection,3333,NA,NA,no,0,0,0,0,0,1,-0.484076349,0,0,0,1,0.776795653,1
attitude,experience,attitude and experience,experience and attitude,3253,NA,NA,no,0,-1,0,0,0,0,-1.250579961,0,2,1,0.442053489,0.419540718,1
malaria,typhoid,malaria and typhoid,typhoid and malaria,3188,NA,NA,no,0,0,0,0,0,0,0.2595695,-1,-1,0,0.642095358,0.518778839,1
economist,historian,economist and historian,historian and economist,3086,NA,NA,no,0,-1,0,0,0,0,-1.020412952,0,0,0,0.474400519,0.396359815,1
muskets,swords,muskets and swords,swords and muskets,3049,NA,NA,no,0,0,0,1,0,0,-1.177591049,-1,-1,-1,0.401443096,0.484758391,1
character,wisdom,character and wisdom,wisdom and character,3043,NA,NA,no,0,0,-1,0,0,0,1.275975269,-1,-1,0,0.513309234,0.437256882,1
azaleas,camellias,azaleas and camellias,camellias and azaleas,3020,NA,NA,no,0,0,0,0,0,0,0.725452033,1,-1,-1,0.600662252,0.485847541,1
silence,space,silence and space,space and silence,2998,NA,NA,no,0,0,0,0,0,0,-1.160626973,-1,-1,-1,0.310873916,0.365553443,1
power,variety,power and variety,variety and power,2907,NA,NA,no,0,0,0,1,1,0,1.571622681,1,1,0,0.555555556,0.676546792,1
cliches,stereotypes,cliches and stereotypes,stereotypes and cliches,2899,NA,NA,no,0,0,0,0,0,0,-1.519638278,3,0,0,0.59503277,0.571090037,1
habits,movements,habits and movements,movements and habits,2899,NA,NA,no,0,0,0,0,0,0,-0.597210448,0,0,0,0.347706106,0.487868081,1
shirt,waistcoat,shirt and waistcoat,waistcoat and shirt,2852,NA,NA,no,0,0,1,0,0,0,2.620755068,1,1,1,0.483169706,0.764985069,1
boardinghouses,hotels,boardinghouses and hotels,hotels and boardinghouses,2816,NA,NA,no,0,0,0,0,0,0,-4.366398527,-3,-1,-1,0.180752841,0.233382201,1
stucco,wood,stucco and wood,wood and stucco,2813,NA,NA,no,0,-1,-1,0,0,0,-3.812992732,-1,-1,-1,0.345894063,0.167531491,1
activities,character,activities and character,character and activities,2796,NA,NA,no,0,1,0,0,0,0,-0.139495388,0,0,0,0.213876967,0.581109063,1
happiness,warmth,happiness and warmth,warmth and happiness,2791,NA,NA,no,0,0,1,0,0,0,0.957340163,-2,-2,-1,0.182013615,0.536693115,1
fulfillment,pleasure,fulfillment and pleasure,pleasure and fulfillment,2775,NA,NA,no,1,0,0,0,0,0,-1.863438664,0,0,0,0.206486487,0.502163553,1
means,motives,means and motives,motives and means,2767,NA,NA,no,0,1,0,0,0,-1,2.78062853,1,1,1,0.509577159,0.450812019,1
fear,relief,fear and relief,relief and fear,2765,NA,NA,no,0,-1,0,0,1,0,0.672751169,0,0,0,0.645931284,0.463236517,1
despair,futility,despair and futility,futility and despair,2723,NA,NA,no,0,0,0,0,1,0,1.867667881,2,2,1,0.365773044,0.672503559,1
ash,maple,ash and maple,maple and ash,2666,NA,NA,no,0,0,0,0,0,0,0.593178795,1,1,1,0.432108027,0.62769128,1
beauty,inspiration,beauty and inspiration,inspiration and beauty,2617,NA,NA,no,0,1,0,0,0,0,1.236731706,2,0,0,0.822315629,0.682806223,1
clippings,pictures,clippings and pictures,pictures and clippings,2541,NA,NA,no,0,0,-1,0,0,0,-3.334132848,0,0,0,0.535615899,0.31358325,1
domination,influence,domination and influence,influence and domination,2524,NA,NA,no,0,0,0,1,0,0,-2.69567855,-1,1,0,0.383518225,0.473825363,1
action,conversation,action and conversation,conversation and action,2470,NA,NA,no,0,0,0,0,0,0,1.569841605,2,0,0,0.367206478,0.61696324,1
detective,police,detective and police,police and detective,2346,NA,NA,no,0,0,0,-1,0,0,-2.045836632,-1,-1,-1,0.219948849,0.242388628,1
church,graveyard,church and graveyard,graveyard and church,2319,NA,NA,no,0,1,1,0,0,0,4.674306183,1,0,0,0.962052609,0.807313671,1
habits,thought,habits and thought,thought and habits,2299,NA,NA,no,0,0,0,0,0,0,-2.616047041,-1,-1,-1,0.418877773,0.32974718,1
gardens,lawn,gardens and lawn,lawn and gardens,2244,NA,NA,no,0,0,-1,0,0,0,0.684938375,-1,-1,-1,0.208110517,0.312429168,1
powers,processes,powers and processes,processes and powers,2242,NA,NA,no,0,0,0,1,0,0,-0.073221842,1,1,0,0.768956289,0.615349729,1
machinery,tractors,machinery and tractors,tractors and machinery,2213,NA,NA,no,1,0,-1,0,0,0,2.498144989,-1,-1,0,0.483054677,0.518743375,1
clay,wax,clay and wax,wax and clay,2206,NA,NA,no,0,0,1,0,0,0,1.143758192,0,0,0,0.52130553,0.640660787,1
brains,talent,brains and talent,talent and brains,2145,NA,NA,no,0,0,0,0,0,0,-0.762672809,1,1,1,0.69044289,0.592701651,1
comedy,humor,comedy and humor,humor and comedy,2098,NA,NA,no,0,0,0,0,0,0,-0.197261845,-1,-1,0,0.412774071,0.506389885,1
certainty,order,certainty and order,order and certainty,2092,NA,NA,no,0,0,0,0,0,0,-3.272831427,-1,-1,0,0.323135755,0.423530461,1
discretion,moderation,discretion and moderation,moderation and discretion,2059,NA,NA,no,0,0,0,0,0,0,1.198091836,2,0,0,0.469159786,0.607382872,1
attention,civility,attention and civility,civility and attention,2048,NA,NA,no,0,0,0,0,0,1,4.469243317,1,1,0,0.392089844,0.852468847,1
control,intelligence,control and intelligence,intelligence and control,2022,NA,NA,no,0,0,0,1,0,0,1.728921312,2,2,1,0.53264095,0.751592801,1
comprehension,control,comprehension and control,control and comprehension,1993,NA,NA,no,0,0,0,-1,0,0,-3.342361848,-3,-1,-1,0.771700953,0.172166956,1
hallucinations,visions,hallucinations and visions,visions and hallucinations,1974,NA,NA,no,-1,0,0,0,0,0,-1.196932745,-2,0,0,0.273556231,0.354742038,1
commands,statements,commands and statements,statements and commands,1897,NA,NA,no,0,0,0,1,0,0,-1.028276216,1,1,1,0.404849763,0.698151362,1
shots,shouts,shots and shouts,shouts and shots,1897,NA,NA,no,0,-1,0,0,1,0,0.808445149,0,0,0,0.542435424,0.466900977,1
cost,upkeep,cost and upkeep,upkeep and cost,1881,NA,NA,no,0,0,0,0,0,1,5.052419213,1,0,0,0.939393939,0.880068016,1
men,objects,men and objects,objects and men,1870,NA,NA,no,0,1,0,0,0,0,1.985165818,1,1,1,0.742780749,0.730981271,1
bacteria,insects,bacteria and insects,insects and bacteria,1765,NA,NA,no,0,-1,0,0,0,0,0.294113475,-1,-2,-1,0.454957507,0.367273118,1
confusion,congestion,confusion and congestion,congestion and confusion,1755,NA,NA,no,0,0,0,0,0,1,1.875763235,0,0,0,0.405128205,0.818059293,1
facts,techniques,facts and techniques,techniques and facts,1703,NA,NA,no,0,0,0,0,0,0,0.167354811,0,0,0,0.901350558,0.508613542,1
anger,spite,anger and spite,spite and anger,1672,NA,NA,no,1,0,0,0,1,0,-0.068371064,-1,-1,-1,0.563397129,0.462920334,1
boulders,ledges,boulders and ledges,ledges and boulders,1599,NA,NA,no,0,-1,0,0,0,0,0.891246823,0,0,0,0.475922452,0.446915277,1
abolition,emancipation,abolition and emancipation,emancipation and abolition,1599,NA,NA,no,1,0,0,0,0,0,-0.074816086,0,0,0,0.871169481,0.550529943,1
nationalism,sovereignty,nationalism and sovereignty,sovereignty and nationalism,1597,NA,NA,no,0,0,1,-1,0,0,-0.048887904,-2,1,0,0.500313087,0.375409638,1
tensions,uncertainties,tensions and uncertainties,uncertainties and tensions,1587,NA,NA,no,0,-1,0,0,1,0,0.778885637,1,1,0,0.742911153,0.458475413,1
background,intelligence,background and intelligence,intelligence and background,1562,NA,NA,no,0,0,-1,0,0,0,0.043248368,1,2,1,0.685659411,0.462364126,1
battle,bloodshed,battle and bloodshed,bloodshed and battle,1555,NA,NA,no,0,0,0,0,0,1,3.433587718,0,-1,-1,0.868810289,0.798300168,1
fairness,moderation,fairness and moderation,moderation and fairness,1517,NA,NA,no,0,0,0,0,0,0,0.411515657,2,0,0,0.611733685,0.586845592,1
apprehension,terror,apprehension and terror,terror and apprehension,1482,NA,NA,no,0,1,0,0,-1,0,-1.024716929,-2,0,0,0.379892038,0.462996907,1
head,teeth,head and teeth,teeth and head,1481,NA,NA,no,1,1,0,0,0,0,1.925314321,0,0,0,0.740040513,0.678330242,1
life,promise,life and promise,promise and life,1481,NA,NA,no,0,0,1,0,0,0,2.773367071,1,1,1,0.869007427,0.767950318,1
cod,salmon,cod and salmon,salmon and cod,1472,NA,NA,no,0,0,1,0,0,0,-0.6132146,1,1,1,0.503396739,0.696176165,1
archaeologists,geologists,archaeologists and geologists,geologists and archaeologists,1469,NA,NA,no,0,1,0,0,0,0,0.101632554,-2,0,0,0.431586113,0.515875654,1
chopping,sawing,chopping and sawing,sawing and chopping,1425,NA,NA,no,0,1,0,0,0,0,0.378423405,0,0,0,0.494035088,0.594728739,1
anxiety,dismay,anxiety and dismay,dismay and anxiety,1411,NA,NA,no,0,0,0,0,0,0,2.153680754,-2,-2,-1,0.616583983,0.459865509,1
resources,riches,resources and riches,riches and resources,1403,NA,NA,no,1,0,0,0,0,0,2.593881374,-1,-1,0,0.307911618,0.627892588,1
personnel,ships,personnel and ships,ships and personnel,1386,NA,NA,no,0,1,-1,0,0,0,0.043487036,-2,0,0,0.167388167,0.405988609,1
school,service,school and service,service and school,1380,NA,NA,no,0,0,0,-1,0,0,0.37558426,1,1,1,0.451449275,0.501627019,1
a.b.,m.a.,a.b. and m.a.,m.a. and a.b.,1374,NA,NA,no,0,0,0,-1,0,1,-0.852489843,0,0,0,1,0.671483201,1
bandits,outlaws,bandits and outlaws,outlaws and bandits,1364,NA,NA,no,-1,0,0,0,0,0,0.178642381,0,-1,-1,0.547653959,0.388026831,1
arsenic,strychnine,arsenic and strychnine,strychnine and arsenic,1342,NA,NA,no,0,0,1,0,0,0,1.593143663,-1,-2,-1,0.652011923,0.589293047,1
drudgery,monotony,drudgery and monotony,monotony and drudgery,1332,NA,NA,no,0,0,0,0,-1,0,-0.544635181,0,0,0,0.495495496,0.466955614,1
secrecy,stealth,secrecy and stealth,stealth and secrecy,1319,NA,NA,no,0,-1,0,0,0,0,1.578312808,-2,-2,-1,0.385140258,0.365975648,1
soldiers,subjects,soldiers and subjects,subjects and soldiers,1315,NA,NA,no,-1,0,0,1,0,0,-0.249690284,0,0,0,0.533079848,0.571198044,1
chagrin,embarrassment,chagrin and embarrassment,embarrassment and chagrin,1283,NA,NA,no,-1,0,0,0,0,0,-1.56799719,2,2,1,0.505845674,0.515595015,1
celebration,ritual,celebration and ritual,ritual and celebration,1211,NA,NA,no,-1,0,0,0,0,0,-0.598291389,-1,1,0,0.299752271,0.362631941,1
searching,yearning,searching and yearning,yearning and searching,1193,NA,NA,no,0,1,0,0,0,-1,1.619185575,0,0,0,0.277451802,0.317537765,1
letters,magazines,letters and magazines,magazines and letters,1182,NA,NA,no,0,0,1,0,0,0,1.845020111,1,-1,-1,0.645516075,0.623091639,1
flight,terror,flight and terror,terror and flight,1152,NA,NA,no,0,1,0,0,0,-1,0.690978545,1,1,1,0.297743056,0.395506142,1
caresses,endearments,caresses and endearments,endearments and caresses,1151,NA,NA,no,0,0,0,0,0,0,1.598426382,0,0,0,0.705473501,0.547308731,1
disdain,indifference,disdain and indifference,indifference and disdain,1129,NA,NA,no,0,-1,0,0,1,0,-1.083152932,2,2,1,0.32683791,0.518250521,1
liberalism,progress,liberalism and progress,progress and liberalism,1123,NA,NA,no,0,0,0,0,0,0,-2.446187097,-3,0,0,0.656277827,0.335321286,1
blame,hate,blame and hate,hate and blame,1113,NA,NA,no,0,0,0,0,-1,0,-0.215762127,0,0,0,0.661275831,0.475851106,1
color,imagery,color and imagery,imagery and color,1105,NA,NA,no,-1,0,0,0,0,0,2.345977143,1,1,0,0.649773756,0.511404239,1
intonation,phrasing,intonation and phrasing,phrasing and intonation,1097,NA,NA,no,0,0,-1,0,0,0,-0.024585907,0,0,0,0.394712853,0.395520899,1
commercialism,materialism,commercialism and materialism,materialism and commercialism,1074,NA,NA,no,0,0,0,0,0,1,-1.96314287,1,0,0,0.512104283,0.774085188,1
education,industrialization,education and industrialization,industrialization and education,1068,NA,NA,no,0,0,1,0,0,0,3.686978107,2,0,0,0.623595506,0.758465062,1
firepower,speed,firepower and speed,speed and firepower,1016,NA,NA,no,0,0,0,0,1,0,-4.528263686,-2,-1,-1,0.198818898,0.274411974,1
